Source,Title,Description,Content,Published At,URL
Business Insider,I used dating apps while traveling around the world for work. I ended up finding someone 2 hours away from home.,"Going on dates in Hong Kong, Indonesia, and Spain did help fill temporary voids of loneliness.","A few months after I left my husband, I downloaded multiple dating apps. It felt like foreign territory, as I'd met my ex-husband in college before dating apps existed a time when ""swiping right on T… [+3587 chars]",2025-01-24T00:14:01Z,https://www.businessinsider.com/online-dating-after-divorce-hard-found-love-remarried-traveling-abroad-2025-1
The Atlantic,Coffee’s Grip on America,Inflation hardly hampered Americans’ love of buying the beverage.,"This is an edition of The Atlantic Daily, a newsletter that guides you through the biggest stories of the day, helps you discover new ideas, and recommends the best in culture. Sign up for it here.Am… [+6032 chars]",2025-01-03T22:56:00Z,https://www.theatlantic.com/newsletters/archive/2025/01/coffees-grip-on-america/681211/
CNET,An Expert Explains Why You're Washing Your Coffee Maker Too Often,We asked a bona fide expert about the biggest coffee myths and mistakes.,"If you're like me, you might strive to make the best possible cup of coffee at home but can get overwhelmed (read: lazy) once scales and tampers get involved. I reached out to Sarina Prabasi, who fou… [+8532 chars]",2025-01-16T13:31:00Z,https://www.cnet.com/home/an-expert-explains-why-youre-washing-your-coffee-maker-too-often/
Rock Paper Shotgun,"Afterlove EP, the final game from the creator of Coffee Talk, launches next month","Making a game about emotionally wayward 20-somethings in a band? You have my sympathies. Night In The Woods nailed the assignment so thoroughly, and is so beloved, that you're in for some tough comparisons. Afterlove EP has plenty going for it that makes it s…","Making a game about emotionally wayward 20-somethings in a band? You have my sympathies. Night In The Woods nailed the assignment so thoroughly, and is so beloved, that you're in for some tough compa… [+1312 chars]",2025-01-16T08:03:37Z,https://www.rockpapershotgun.com/afterlove-ep-the-final-game-from-the-creator-of-coffee-talk-launches-next-month
International Business Times,The Global Forces Sending Coffee Prices Skyward,"Climate change, political headwinds and diverging market dynamics around the world have pushed coffee prices to fresh records, jacking up the cost of your everyday brew or a barista's signature macchiato.","Climate change, political headwinds and diverging market dynamics around the world have pushed coffee prices to fresh records, jacking up the cost of your everyday brew or a barista's signature macch… [+5102 chars]",2025-01-21T01:57:07Z,https://www.ibtimes.com/global-forces-sending-coffee-prices-skyward-3760149
Business Insider,I spent the year after my divorce traveling to 20 countries. It helped me heal and fall back in love.,"Online dating in Hong Kong, a one-night stand in Australia, and traveling across Asia, South America, and Australia all helped her recover from the divorce.","After Claire Volkman's marriage ended, she spent a year traveling to 20 countries.Claire Volkman
<ul><li>Claire Volkman got divorced and spent the following year traveling to 20 countries.</li><li>S… [+5991 chars]",2025-01-17T00:14:01Z,https://www.businessinsider.com/solo-travel-recovery-divorce-online-dating-finding-love-2025-1
Business Insider,"A palm oil company, a group of US financiers, and the destruction of Peru's rainforest","A company backed by US financiers sold ""deforestation-free"" palm oil to the makers of Cheetos, Colgate and Pepsi. But its investors have ties to the company that cleared Amazonian rainforest for plantations.","Two of the largest palm oil plantations in Peru are located on the west side of the Ucayali River, which flows from the Andes to the Amazon. From above, the surrounding landscape looks like stirred p… [+55738 chars]",2024-12-31T09:07:01Z,https://www.businessinsider.com/us-investors-and-the-destruction-of-peru-rainforest-2024-12
ABC News (AU),Why don't Australians source more coffee from our region?,"Australia is surrounded by coffee-growing countries like Papua New Guinea and Indonesia, but it imports most of its coffee from the other side of the world. With climate change and coffee bean prices skyrocketing, is it time to look closer to home?","In Australia, where coffee culture runs deep, consumers have been warned the price of their morning latte could rise to $8 or even double digits.
The root of the problem can be traced to the other s… [+8202 chars]",2025-01-20T18:58:42Z,https://www.abc.net.au/news/2025-01-21/why-dont-australians-source-more-coffee-from-our-region-/104818076
Raw Story,Brazil drought lights a fire under global coffee prices,"by Facundo FERNÁNDEZ BARRIOBrazilian coffee producer Moacir Donizetti first smelled the smoke, and then watched in desperation as a blaze consumed his family coffee plantation last year.The 54-year-old was one of hundreds of farmers hit by a brutal forest fir…","by Facundo FERNÁNDEZ BARRIO
Brazilian coffee producer Moacir Donizetti first smelled the smoke, and then watched in desperation as a blaze consumed his family coffee plantation last year.
The 54-ye… [+3435 chars]",2025-01-21T02:27:45Z,https://www.rawstory.com/coffee/
International Business Times,Brazil Drought Lights A Fire Under Global Coffee Prices,"Brazilian coffee producer Moacir Donizetti first smelled the smoke, and then watched in desperation as a blaze consumed his family coffee plantation last year.","Brazilian coffee producer Moacir Donizetti first smelled the smoke, and then watched in desperation as a blaze consumed his family coffee plantation last year.
The 54-year-old was one of hundreds of… [+3244 chars]",2025-01-21T02:21:15Z,https://www.ibtimes.com/brazil-drought-lights-fire-under-global-coffee-prices-3760157
Ritholtz.com,10 Weekend Reads,"The weekend is here! Pour yourself a mug of Colombia Tolima Los Brasiles Peaberry Organic coffee, grab a seat by the fire, and get ready for our longer-form weekend reads: • How Long Can Toyota Put Off Figuring Out EVs? The world’s No. 1 automaker has kept it…","How Long Can Toyota Put Off Figuring Out EVs? The worlds No. 1 automaker has kept its focus on hybrids and gas-guzzlers, for better and worse. (Businessweek)
 The Spectacular Burnout of a Solar Pane… [+2934 chars]",2025-01-25T11:30:17Z,https://ritholtz.com/2025/01/weekend-reads-647/
Ritholtz.com,10 Weekend Reads,"The weekend is here! Pour yourself a mug of Colombia Tolima Los Brasiles Peaberry Organic coffee, grab a seat outside, and get ready for our longer-form weekend reads: • AI Wants More Data. More Chips. More Real Estate. More Power. More Water. More Everything…","AI Wants More Data. More Chips. More Real Estate. More Power. More Water. More Everything: Businesses, investors and society brace for a demand shock from artificial intelligence. (Bloomberg)
Its th… [+3308 chars]",2025-01-04T11:30:05Z,https://ritholtz.com/2025/01/weekend-reads-644/
Ritholtz.com,10 Weekend Reads,"The weekend is here! Pour yourself a mug of Colombia Tolima Los Brasiles Peaberry Organic coffee, grab a seat outside, and get ready for our longer-form weekend reads: • Is There a Problem with Passive Investing? Passive investing has absolutely revolutionize…",Is There a Problem with Passive Investing? Passive investing has absolutely revolutionized the investment landscape for individual investors. Not only has it dramatically lowered the costs of asset o… [+3902 chars],2025-01-18T11:30:16Z,https://ritholtz.com/2025/01/weekend-reads-646/
Ritholtz.com,10 Weekend Reads,"The weekend is here! Pour yourself a mug of Colombia Tolima Los Brasiles Peaberry Organic coffee, grab a seat outside, and get ready for our longer-form weekend reads: • Learn smart lessons from the L.A. fires, not stupid lessons: Ignore the political propaga…","Learn smart lessons from the L.A. fires, not stupid lessons: Ignore the political propaganda. We live in a world with more fires now, and we need to prepare for it. Ignore the political propaganda. W… [+2845 chars]",2025-01-11T11:30:12Z,https://ritholtz.com/2025/01/weekend-reads-645/
Ritholtz.com,10 Weekend Reads,"The weekend is here! Pour yourself a mug of Colombia Tolima Los Brasiles Peaberry Organic coffee, grab a seat outside, and get ready for our longer-form weekend reads: • Tracking Putin’s Most Feared Secret Agency—From Inside a Russian Prison and Beyond: The s…",Tracking Putins Most Feared Secret AgencyFrom Inside a Russian Prison and Beyond: The spy unit that arrested a Wall Street Journal reporter is leading the biggest campaign of internal repression sinc… [+2638 chars],2024-12-28T11:30:32Z,https://ritholtz.com/2024/12/weekend-reads-643/
Yahoo Entertainment,Brazil drought lights a fire under global coffee prices,,"If you click 'Accept all', we and our partners, including 239 who are part of the IAB Transparency &amp; Consent Framework, will also store and/or access information on a device (in other words, use … [+703 chars]",2025-01-21T02:16:36Z,https://consent.yahoo.com/v2/collectConsent?sessionId=1_cc-session_dd5e2961-f49b-4e4f-a3c5-42e0b54e4dc3
Food52.com,"Everything You Should Order At NYC’s New Vietnamese Bakery, La La Bakeshop","As a part of our Snack Shop series, Annie Arriaga investigates the latest and greatest viral snack shops in New York City to see if the hype is real, if the snacks are yummy, and if the spot is underrated, overrated, or perfectly rated.
 
 Not every new pop-u…","As a part of our Snack Shop series, Annie Arriaga investigates the latest and greatest viral snack shops in New York City to see if the hype is real, if the snacks are yummy, and if the spot is under… [+4058 chars]",2025-01-04T06:00:00Z,https://food52.com/blog/28601-everything-you-should-order-at-nyc-s-new-vietnamese-bakery-la-la-bakeshop
ABC News (AU),Could high coffee prices trigger a boom for Aussie growers?,Bad weather in key coffee producing countries has sent the price of beans soaring but Australian growers say capitalising on gaps in the market will be difficult.,"Australia is a nation of coffee lovers, but less than half of one per cent of the coffee consumed across the country is grown here.
Bad weather over the past year in key coffee producing countries s… [+3669 chars]",2025-01-13T19:19:38Z,https://www.abc.net.au/news/2025-01-14/australian-coffee-growers-struggle-to-capitalise-on-high-prices/104802932
Nomadicmatt.com,How Much Does It Cost to Visit Peru?,"Peru is one of the best places I have ever visited (and that’s saying something). I loved every moment (this blog post goes into more detail why). Besides being incredible, it’s also an extremely affordable destination (provided you limit your fine dining in …","Peru is one of the best places I have ever visited (and that’s saying something). I loved every moment (this blog post goes into more detail why). Besides being incredible, it’s also an extremely aff… [+9298 chars]",2025-01-11T13:53:21Z,https://www.nomadicmatt.com/travel-blogs/peru-travel-costs/
Dailycoffeenews.com,"Prices, EUDR and Value Inequity Defined the Year in Green Coffee",Sustained relatively high prices and the looming enforcement of the European deforestation-free law known as EUDR captured headlines throughout the green coffee world this year. We say “relatively” high prices...,"Sustained relatively high prices and the looming enforcement of the European deforestation-free law known as EUDR captured headlines throughout the green coffee world this year.
We say “relatively” … [+10330 chars]",2024-12-30T16:05:43Z,https://dailycoffeenews.com/2024/12/30/prices-eudr-and-value-inequity-defined-the-year-in-green-coffee/
The Points Guy,Now open: W Sao Paulo brings a new luxury Marriott hotel to Brazil,It’s well known that Marriott’s W Hotels brand has been rolling out sleek new transformations worldwide and opening hotels in must-visit cities. These openings include a significant refresh of the W Union Square in New York City and the recent opening of the …,It's well known that Marriott's W Hotels brand has been rolling out sleek new transformations worldwide and opening hotels in must-visit cities. These openings include a significant refresh of the W … [+2462 chars],2025-01-07T16:00:42Z,https://thepointsguy.com/news/w-sao-paulo-now-open/
Cool Hunting,São Paulo’s Pulso Hotel Faria Lima Provides Verdant Sanctuary,"A design-driven boutique property with 57 guest rooms, impeccable service and impressive cuisine If the architecturally significant façade of São Paulo’s Pulso Hotel were to go unnoticed by guests, the airy, modern …","A design-driven boutique property with 57 guest rooms, impeccable service and impressive cuisine

Read
Travel




São Paulo’s Pulso Hotel Faria Lima Provides Verdant Sanctuary



A design-driven bo… [+3792 chars]",2025-01-13T01:39:31Z,http://coolhunting.com/travel/sao-paulos-pulso-hotel-faria-lima-provides-verdant-sanctuary/
Forbes,How To Sample The World’s Most Expensive And Exotic Coffees,Coffee beans processed by partial digestion in animals are among the world's rarest. Here’s an exclusive look at the world’s most expensive and exotic coffees.,"Cup of espresso with coffee beans
getty
The term exotic coffee once evoked images of mountain-grown beans from the Andes. Today, the world of coffee has expanded, offering a dizzying array of choic… [+8554 chars]",2024-12-31T11:00:00Z,https://www.forbes.com/sites/joemicallef/2024/12/31/how-to-sample-the-worlds-most-expensive-and-exotic-coffees/
Wattsupwiththat.com,Your Cappuccino is Safe Despite Climate Fearmongering,"I think it is safe to say that our coffee supply is secure for the foreseeable future. So, the next time you hear that the emissions of your internal combustion engine are endangering your morning cup of joe, take it with a grain of salt — or perhaps with a c…","By Vijay Jayaraj
A few hundred years ago, coffee was almost an unknown commodity with hardly a handful of countries consuming it at a commercial scale. But today, it is a sought-after drink that dri… [+4707 chars]",2025-01-22T22:00:00Z,https://wattsupwiththat.com/2025/01/22/your-cappuccino-is-safe-despite-climate-fearmongering/
Dezeen,Ménard Dworkind combines bold yellows with muted tones in Montreal restaurant,Local studio Ménard Dworkind has outfitted an irregularly shaped Vietnamese restaurant interior with blue and white mosaic tile and yellow accents in Montreal. Le Red Tiger is in a slanted storefront in Montreal's Shop Angus district– the restaurant's second …,"Local studio Ménard Dworkind has outfitted an irregularly shaped Vietnamese restaurant interior with blue and white mosaic tile and yellow accents in Montreal.
Le Red Tiger is in a slanted storefron… [+3498 chars]",2024-12-29T18:00:57Z,https://www.dezeen.com/2024/12/29/menard-dworkind-le-red-tiger-restaurant-montreal-tiles/
A Beautiful Mess,Classic Cocktails,"Classic Cocktails are defined as recipes that have withstood the test of time. Many of these are historic recipes, while some are from more recent decades. Classic cocktails are definitive recipes that you can order at pretty much any bar in the world. In sho…","Classic Cocktails are defined as recipes that have withstood the test of time. Many of these are historic recipes, while some are from more recent decades. Classic cocktails are definitive recipes th… [+6010 chars]",2024-12-31T13:47:51Z,https://abeautifulmess.com/classic-cocktails/
Vox,Why thousands of people are traveling to one country to see these birds,"This story was originally published in The Highlight, Vox’s member-exclusive magazine. To get early access to member-exclusive stories every month, join the Vox Membership program today. Haga clic aquí para leer esta historia en español. VALLE DEL CAUCA, Colo…","A crimson-rumped toucanet at a popular birdwatching destination in southwestern Colombia called La Florida.


This story was originally published in The Highlight, Vox’s member-exclusive magazine. T… [+19675 chars]",2025-01-03T11:42:04Z,https://www.vox.com/down-to-earth/384745/best-birdwatching-colombia-tourism-solution
Dailycoffeenews.com,"Column: For Coffee’s Survival, Researchers Must Prioritize Climate Change",[Note: This is Part 2 of a short series of stories by guest author Jonas Ferraresso exploring some of the intricacies of the Brazilian coffee market and Brazil’s outsize influence...,"Coffee growing in Brazil. All images courtesy of the author.
[Note: This is Part 2 of a short series of stories by guest author Jonas Ferraresso exploring some of the intricacies of the Brazilian co… [+5334 chars]",2025-01-14T17:20:31Z,https://dailycoffeenews.com/2025/01/14/column-for-coffees-survival-researchers-must-prioritize-climate-change/
Dailycoffeenews.com,Weekly Coffee News: Traders Find Alternatives + What Does ‘Forest’ Mean in EUDR,"Welcome to DCN’s Weekly Coffee News! Subscribe here for all the latest coffee industry news. Also, check out the latest career opportunities at CoffeeIndustryJobs.com. Bloomberg: Traders Explore Alternative Hedging Strategies Bloomberg this week...","Welcome to DCNs Weekly Coffee News! Subscribe here for all the latest coffee industry news. Also, check out the latest career opportunities at CoffeeIndustryJobs.com.
Bloomberg: Traders Explore Alte… [+5575 chars]",2024-12-27T14:59:47Z,https://dailycoffeenews.com/2024/12/27/weekly-coffee-news-traders-find-alternatives-what-does-forest-mean-in-eudr/
Dailycoffeenews.com,"With Green Climate Fund Backing, Conservation International Launching AROMA Coffee Project","Roast Magazine’s Daily Coffee News is proud to maintain advertising partnerships with many of the world’s leading coffee companies, yet maintains a focus on fair and objective editorial content, with no sponsored content or native advertising.",The Green Climate Fund recently signed off on an approximately $2 million grant to support the design of an ambitious multi-year coffee sustainability program led by the nonprofit Conservation Intern… [+2228 chars],2025-01-20T14:14:34Z,https://dailycoffeenews.com/2025/01/20/with-green-climate-fund-backing-conservation-international-launching-aroma-coffee-project/
Digital Journal,The global forces sending coffee prices skyward,"Climate change, political headwinds and diverging market dynamics around the world have pushed coffee prices to fresh records, jacking up the cost of your everyday brew or a barista’s signature macchiato. While the current hot streak may calm down in the comi…","Harvesting coffee beans at a farm in Chinchina, Colombia - Copyright AFP JJ BONILLA
Climate change, political headwinds and diverging market dynamics around the world have pushed coffee prices to fr… [+5263 chars]",2025-01-21T01:52:20Z,https://www.digitaljournal.com/world/the-global-forces-sending-coffee-prices-skyward/article
Erickimphotography.com,Vietnam Lifestyle,"Everyday, insanely phenomenal coffee at coffee shop, insanely fast WiFi, get a massage and think ,,, do creative work, walk and get dinner, back to hotel and sleep? Sublime simplicity?","Everyday, insanely phenomenal coffee at coffee shop, insanely fast WiFi, get a massage and think ,,, do creative work, walk and get dinner, back to hotel and sleep?
Sublime simplicity?",2024-12-28T21:46:04Z,https://erickimphotography.com/blog/2024/12/28/vietnam-lifestyle/
Digital Trends,"NYT Crossword: answers for Sunday, December 29","The New York Times crossword puzzle can be tough! If you're stuck, we're here to help with a list of today's clues and answers.","The New York Times has plenty of word games on its roster today — with Wordle, Connections, Strands, and the Mini Crossword, there’s something for everyone — but the newspaper’s standard crossword pu… [+4727 chars]",2024-12-29T13:30:13Z,https://www.digitaltrends.com/gaming/nyt-crossword-answers-december-29/
Dezeen,"Josmo opens Mumbai store with ""just the right amount of drama""","Goan furniture brand Josmo has opened a flagship store in Mumbai, designed by founder Anjali Mody to reflect a contemporary approach to Indian design craft. With India's interior design market growing fast, Josmo is one of several homegrown brands on the rise…","Goan furniture brand Josmo has opened a flagship store in Mumbai, designed by founder Anjali Mody to reflect a contemporary approach to Indian design craft.
With India's interior design market growi… [+3555 chars]",2025-01-09T09:00:12Z,https://www.dezeen.com/2025/01/09/josmo-mumbai-store/
BBC News,How Kenyan workers who earn $2 a day to grow coffee are being hit by climate change,Growers find that the changing climate is having a big impact on the size of their harvests.,"In the lush, volcanic highlands of Komothai in Kenya's Rift Valley, farmers like Simon Macharia produce coffee on small plantations scattered across the hillsides.
Along with other farmers, Mr Macha… [+6169 chars]",2024-12-30T00:51:09Z,https://www.bbc.com/news/articles/cp3zw27322zo
BusinessLine,Exporters project record coffee output for 2024-25 at 3.8 lakh tonnes,"Indian coffee exporters project record 3.8 lakh tonnes for 2024-25 crop year, with robusta crop expected to be better.",Exporters are projecting a record Indian coffee of 3.8 lakh tonnes for the current 2024-25 crop year starting October for which the harvest is currently going on for both the varieties arabica and ro… [+3134 chars],2025-01-16T15:01:44Z,https://www.thehindubusinessline.com/economy/agri-business/exporters-project-record-coffee-output-for-2024-25-at-38-lakh-tonnes/article69105170.ece
Digital Journal,Brazil drought lights a fire under global coffee prices,"Brazilian coffee producer Moacir Donizetti first smelled the smoke, and then watched in desperation as a blaze consumed his family coffee plantation last year. The 54-year-old was one of hundreds of farmers hit by a brutal forest fire in Sao Paulo state, wher…","Moacir Donizetti lost acres of coffee crop amid a drought-fueled fire last year - Copyright AFP Nelson ALMEIDA
Brazilian coffee producer Moacir Donizetti first smelled the smoke, and then watched in… [+3422 chars]",2025-01-21T02:17:33Z,https://www.digitaljournal.com/world/brazil-drought-lights-a-fire-under-global-coffee-prices/article
RT,Why does Africa need BRICS?,"For African states, joining the BRICS group is the best way to truly obtain economic independence Read Full Article at RT.com","By Adamu B. Garba II, Executive Chairman of IPI Group Limited, Nigerian 2019/2023 presidential aspirantAfter the Suez Crisis of 1956, when US President Dwight Eisenhower asked France and Britain to p… [+6644 chars]",2025-01-15T11:53:24Z,https://www.rt.com/africa/610859-what-africa-needs-do-brics/
Biztoc.com,Coffee Prices Push Higher as Conab Cuts its Brazil Coffee Crop Estimate,"Get your Portfolio automatically emailed to you up to 4 times a day with Barchart Premier.
FREE 30 Day Trial
- Market Pulse
-
- Options Market Overview
- Unusual Options Activity
- IV Rank and IV Percentile
- Implied vs Realized Vol
- Most Active Options
- Hi…",Get your Portfolio automatically emailed to you up to 4 times a day with Barchart Premier.FREE 30 Day Trial- Market Pulse-- Options Market Overview- Unusual Options Activity- IV Rank and IV Percentil… [+130 chars],2025-01-21T17:10:21Z,https://biztoc.com/x/40b215a20d19610a
Dailycoffeenews.com,"Coffee Research in 2024 Focused on Climate Change, Quality and Human Health","The vast multidisciplinary world of coffee-related research expanded on all fronts in 2024, yet much of it can be reasonably assigned to one of three categories: green coffee sustainability in...","The vast multidisciplinary world of coffee-related research expanded on all fronts in 2024, yet much of it can be reasonably assigned to one of three categories: green coffee sustainability in the fa… [+7883 chars]",2024-12-31T17:48:26Z,https://dailycoffeenews.com/2024/12/31/coffee-research-in-2024-focused-on-climate-change-quality-and-human-health/
The American Conservative,The Man Who Unraveled Ethiopia,"How an international darling became a destructive despot.
The post The Man Who Unraveled Ethiopia appeared first on The American Conservative.","The Abiy Project: God, Power and War in the New Ethiopia, by Tom Gardner, Hurst &amp; Company, 353 Pages.
In 2018, when Abiy Ahmed became prime minister of Ethiopia, the charismatic new leader seeme… [+8080 chars]",2025-01-05T05:00:00Z,https://www.theamericanconservative.com/the-man-who-unraveled-ethiopia/
CNET,Always Filter Your Water for Coffee: An Expert Explains the Biggest Coffee Mistakes,"Making coffee at home can save you big money, but make sure that you're optimizing your brew for flavor and freshness.","We all want to make the best possible cup of coffee each morning. It's easily to get lost in the complications of scales, tempers and other brewing tools, but avoiding a few key mistakes can help ens… [+8623 chars]",2025-01-22T16:30:03Z,https://www.cnet.com/home/always-filter-your-water-for-coffee-an-expert-explains-the-biggest-coffee-mistakes/
RT,A US ally wants to join BRICS. Why?,Kenyan experts have shared their views on the country’s desire to join the group Read Full Article at RT.com,"By Jackson Okata, an award-winning independent journalist based in Nairobi, Kenya, whose work has been published by CNN, Guardian, Reuters, China Dialogue, Openly, AllAfrica, Mongabay, Inter Press Se… [+6252 chars]",2025-01-09T12:15:58Z,https://www.rt.com/africa/610616-kenya-desire-join-brics-economic-growth/
Sprudge.com,Panama’s Hachi Coffee Project Set Out To Change Coffee—Then Controversy Erupted,This article is from the coffee website Sprudge at http://sprudge.com. This is the RSS feed version. An interview with Diego Bermudez and Allan Hartmann of Hachi Coffee Project.,Producer Diego Bermudez of Finca El Paraíso is no stranger to the world of high quality specialty coffee. His first major debut in the coffee industry came at the Cup of Excellence Colombia event in … [+24170 chars],2025-01-23T15:00:39Z,https://sprudge.com/panamas-hachi-coffee-project-set-out-to-change-coffee-then-controversy-erupted-262530.html
Project Syndicate,The Climate Crisis Is Also an Inflation Crisis,"Discussions about global warming often overlook its economic toll on vulnerable populations and how it deepens inequality, focusing instead on green growth and emissions reductions. But rising costs and climate change are inextricably linked, and this should …","Discussions about global warming often overlook its economic toll on vulnerable populations and how it deepens inequality, focusing instead on green growth and emissions reductions. But rising costs … [+6017 chars]",2024-12-30T11:26:52Z,https://www.project-syndicate.org/commentary/climate-risks-must-be-integrated-into-economic-policymaking-by-monica-araya-and-saliem-fakir-2024-12
Dailycoffeenews.com,Coffee Price Volatility Harms the Mental Health of Farmers,"Coffee is a drink that punctuates many of our lives. Millions of us depend on this dark liquid to start the morning, or to break up the day. It has also become...","Coffee is a drink that punctuates many of our lives. Millions of us depend on this dark liquid to start the morning, or to break up the day.
It has also become quite an expensive habit. But before w… [+5093 chars]",2025-01-21T14:37:50Z,https://dailycoffeenews.com/2025/01/21/coffee-price-volatility-harms-the-mental-health-of-farmers/
Ozbargain.com.au,Kopiko Cappuccino Candy 120g $2.29 + Delivery ($0 with Prime/ $59 Spend) @ Amazon AU,"A deliciously addictive treat to enjoy your day
Made of coffee bean extract and creamy milk
Convenient candy squares for anytime enjoyment
Country of Origin: Indonesia","All trademarks are owned by their respective owners.OzBargain is an independent community website which has no association with nor endorsement by the respective trademark owners.
Copyright © 2006-2… [+32 chars]",2025-01-06T11:33:21Z,https://www.ozbargain.com.au/node/887838
Substack.com,The Invisible Tsunami Kids,And how you can help,"A village near the coast of Sumatra on Jan. 2, 2005 By U.S. Navy Photographer's Mate 2nd Class Philip A. McDaniel (Public Domain) 
When major natural catastrophes occur, the oft forgotten victims ar… [+12303 chars]",2024-12-29T08:24:27Z,https://robertvanwey.substack.com/p/the-invisible-tsunami-kids
Dailycoffeenews.com,Matthew Algie and Solidaridad Launch Two-Year Decarbonization Pilot in Honduras,"Roast Magazine’s Daily Coffee News is proud to maintain advertising partnerships with many of the world’s leading coffee companies, yet maintains a focus on fair and objective editorial content, with no sponsored content or native advertising.","Project partners at Capucas in Honduras. Photo courtesy of Matthew Algie.
Through a partnership with the farmer-focused civil society organization Solidaridad Network, Scottish coffee roasting compa… [+2236 chars]",2025-01-21T14:36:26Z,https://dailycoffeenews.com/2025/01/21/matthew-algie-and-solidaridad-launch-two-year-decarbonization-pilot-in-honduras/
Twistedsifter.com,The Picasso Bug Is As Beautiful As It Is Smelly,Good things come in small packages.,"Anyone who has ever been in a long-term relationship knows that just because something (or someone) is good looking, it doesn’t mean they don’t smell like everyone else.
The picasso bug is one of th… [+1256 chars]",2025-01-16T14:48:49Z,http://twistedsifter.com/2025/01/the-picasso-bug-is-as-beautiful-as-it-is-smelly/
Biztoc.com,Rain in Brazil Pressures Coffee Prices,"UNLIMITED Watchlists, Portfolios, Screeners, and other Barchart tools with Barchart Premier.
FREE 30 Day Trial
- Market Pulse
-
- Options Market Overview
- Unusual Options Activity
- IV Rank and IV Percentile
- Implied vs Realized Vol
- Most Active Options
- …","UNLIMITED Watchlists, Portfolios, Screeners, and other Barchart tools with Barchart Premier.FREE 30 Day Trial- Market Pulse-- Options Market Overview- Unusual Options Activity- IV Rank and IV Percent… [+132 chars]",2024-12-31T19:30:09Z,https://biztoc.com/x/951216c4b62f18d7
blogTO,Husband and wife open dream South Indian cafe in Toronto,"In a city like Toronto where chai latte reigns and double-doubles dominate the caffeinated scene, a new South Indian cafe is brewing more than just coffee, it's sharing a story steeped in history.
That tale begins in the 16th century, when Baba Budan, an Ind…","In a city like Toronto where chai latte reigns and double-doubles dominate the caffeinated scene, a new South Indian cafe is brewing more than just coffee, it's sharing a story steeped in history.
T… [+6613 chars]",2024-12-29T05:00:52Z,https://www.blogto.com/eat_drink/2024/12/south-indian-cafe-toronto/
GlobeNewswire,"Coffee Market Global Report 2025-2033: Focus on United States, China, United Kingdom, UAE - Instant Coffee Dominates Due to Unmatched Convenience, Fast Preparation, and Affordability","Dublin, Jan. 21, 2025 (GLOBE NEWSWIRE) -- The ""Coffee Market Report by Product Type, Distribution Channel, Regions and Company Analysis 2025-2033"" report has been added to ResearchAndMarkets.com's offering.Coffee market is expected to reach US$ 186.37 billion…","Dublin, Jan. 21, 2025 (GLOBE NEWSWIRE) -- The ""Coffee Market Report by Product Type, Distribution Channel, Regions and Company Analysis 2025-2033"" report has been added to ResearchAndMarkets.com's of… [+9797 chars]",2025-01-21T15:15:00Z,https://www.globenewswire.com/news-release/2025/01/21/3012853/28124/en/Coffee-Market-Global-Report-2025-2033-Focus-on-United-States-China-United-Kingdom-UAE-Instant-Coffee-Dominates-Due-to-Unmatched-Convenience-Fast-Preparation-and-Affordability.html
Yahoo Entertainment,"Volunteers clean up Bali's beach from ""worst"" monsoon-driven trash","Hundreds of volunteers joined a cleanup in Bali, Indonesia, Saturday as monsoon rains brought what an activist described as ""the worst"" waves of plastic...","Hundreds of volunteers joined a cleanup in Bali, Indonesia, Saturday as monsoon rains brought what an activist described as ""the worst"" waves of plastic waste to hit its tourist-favoured beaches.
Th… [+1494 chars]",2025-01-04T08:14:20Z,https://www.yahoo.com/news/volunteers-clean-balis-beach-worst-081420727.html
Americanthinker.com,Your cappuccino is safe despite climate fearmongering,"A few hundred years ago, coffee was almost an unknown commodity with hardly a handful of countries consuming it at a commercial scale. But today, it is a sought-after drink that drives multiple companies to compete for the world’s best beans.
...","A few hundred years ago, coffee was almost an unknown commodity with hardly a handful of countries consuming it at a commercial scale. But today, it is a sought-after drink that drives multiple compa… [+4561 chars]",2025-01-13T05:00:00Z,https://www.americanthinker.com/blog/2025/01/your_cappuccino_is_safe_despite_climate_fearmongering.html
Matadornetwork.com,20 Places That Changed Us: The Most Transformative Trips the Matador Team Has Taken,The Matador team has traveled to every continent. These are 20 of the places that we've gone that have changed us for the better.,"Hanoi is a place that rewrites your expectations the moment you arrive. Known to Americans, especially boomers like my parents, as one of the most charged places during the Vietnam War, it’s now a ci… [+1505 chars]",2025-01-01T22:42:52Z,https://matadornetwork.com/read/places-that-changed-us/
Sprudge.com,Starbucks Just Introduced An 8-Ounce Cortado,This article is from the coffee website Sprudge at http://sprudge.com. This is the RSS feed version. Ceci n'est pas un cortado.,"Here we are, the start of another year. And as the calendar is born anew, so too do we offer ourselves a chance at rebirth, to turn the page on bad habits and worst selves without prejudice and to st… [+3019 chars]",2025-01-07T13:00:22Z,https://sprudge.com/starbucks-just-introduced-an-8-ounce-cortado-265596.html
Biztoc.com,Coffee Prices Slip as Rain in Brazil Eases Drought Concerns,"Investment Tools And Research To Help Make You A More Confident And Profitable Trader.
FREE 30 Day Trial
- Market Pulse
-
- Options Market Overview
- Unusual Options Activity
- IV Rank and IV Percentile
- Implied vs Realized Vol
- Most Active Options
- Highes…",Investment Tools And Research To Help Make You A More Confident And Profitable Trader.FREE 30 Day Trial- Market Pulse-- Options Market Overview- Unusual Options Activity- IV Rank and IV Percentile- I… [+134 chars],2024-12-30T19:28:53Z,https://biztoc.com/x/6687a439dda559fa
Biztoc.com,Coffee Prices Fall as Brazil Drought Concerns Ease,"Jump-Start Your Search For Promising Trade Ideas With Barchart Premier’s ""Top Stock Pick"".
FREE 30 Day Trial
- Market Pulse
-
- Options Market Overview
- Unusual Options Activity
- IV Rank and IV Percentile
- Implied vs Realized Vol
- Most Active Options
- Hi…","Jump-Start Your Search For Promising Trade Ideas With Barchart Premiers ""Top Stock Pick"".FREE 30 Day Trial- Market Pulse-- Options Market Overview- Unusual Options Activity- IV Rank and IV Percentile… [+129 chars]",2024-12-31T17:06:32Z,https://biztoc.com/x/e2b23d4f2c83f206
Dailycoffeenews.com,Weekly Coffee News: Roasting 201 at Mill City + 2025 Coffee Science and Education Summit,"Roast Magazine’s Daily Coffee News is proud to maintain advertising partnerships with many of the world’s leading coffee companies, yet maintains a focus on fair and objective editorial content, with no sponsored content or native advertising.","Welcome to DCNs Weekly Coffee News! Subscribe here for all the latest coffee industry news. Also, check out the latest career opportunities at CoffeeIndustryJobs.com.
Image courtesy of Mill City Roa… [+5626 chars]",2025-01-24T12:39:48Z,https://dailycoffeenews.com/2025/01/24/weekly-coffee-news-roasting-201-at-mill-city-2025-coffee-science-and-education-summit/
Forbes,Quit Your Job And Live Abroad: 11 Places So Affordable You Might Not Need To Work,Looking for the most affordable places to live in 2025? Two new reports showcase 11 destinations that offer low living costs and a high quality of life.,"The Peloponnese region of Greece is one of the most affordable places to live in 2025. Pictured here: the coastal village of Limeni.
getty
Looking for the most affordable places to live? Or even be… [+14403 chars]",2025-01-01T16:16:03Z,https://www.forbes.com/sites/laurabegleybloom/2025/01/01/quit-your-job-and-live-abroad-11-places-so-affordable-you-might-not-need-to-work/
The New Yorker,Are Ultra-Processed Foods Killing Us?,"Studies have linked them to obesity, diabetes, depression, and even dementia. Dhruv Khullar reports on a revolution in nutrition science that aims to fix America’s deadly diet.","Until recently, Guillaume Raineri, a forty-two-year-old man with a bald head and a bushy goatee, worked as an HVAC technician in Gonesse, a small town about ten miles north of Paris. The area lends i… [+12178 chars]",2025-01-06T11:00:00Z,https://www.newyorker.com/magazine/2024/01/13/why-is-the-american-diet-so-deadly
Biztoc.com,Coffee Prices Jump as Heavy Rain in Vietnam Delays the Robusta Coffee Harvest,"UNLIMITED Watchlists, Portfolios, Screeners, and other Barchart tools with Barchart Premier.
FREE 30 Day Trial
- Market Pulse
-
- Options Market Overview
- Unusual Options Activity
- IV Rank and IV Percentile
- Implied vs Realized Vol
- Most Active Options
- …","UNLIMITED Watchlists, Portfolios, Screeners, and other Barchart tools with Barchart Premier.FREE 30 Day Trial- Market Pulse-- Options Market Overview- Unusual Options Activity- IV Rank and IV Percent… [+132 chars]",2025-01-02T17:08:39Z,https://biztoc.com/x/794de44298a4f252
Biztoc.com,Coffee Prices Mixed with Robusta Falling on Stronger Vietnam Coffee Exports,"Never miss an Options trading signal: Unusual Options Activity and Options Screeners with Barchart Premier.
FREE 30 Day Trial
- Market Pulse
-
- Options Market Overview
- Unusual Options Activity
- IV Rank and IV Percentile
- Implied vs Realized Vol
- Most Ac…",Never miss an Options trading signal: Unusual Options Activity and Options Screeners with Barchart Premier.FREE 30 Day Trial- Market Pulse-- Options Market Overview- Unusual Options Activity- IV Rank… [+136 chars],2025-01-13T19:29:18Z,https://biztoc.com/x/ab8692a4f277c62d
Camillestyles.com,11 Must-Have Coffee Table Books Every Design Lover Needs,"Inspiration at your fingertips.
The post 11 Must-Have Coffee Table Books Every Design Lover Needs appeared first on Camille Styles.","We may receive a portion of sales if you purchase a product through a link in this article.
Coffee table books tell a lot about a person. They hint at values, goals, or simply what someone finds int… [+3389 chars]",2025-01-21T11:30:00Z,https://camillestyles.com/design/best-design-books/
Dailycoffeenews.com,"Cafe Kreyol Gets Bigger with 10,000-Square-Foot HQ in Virginia","Virginia-based Café Kreyol, the 2023 Roast magazine Roaster of the Year in the macro category, recently relocated into an expanded production facility.","Inside the new Cafe Kreyol roastery and production headquarters in Manassas, Virginia. All images courtesy of Cafe Kreyol.
Virginia-based Café Kreyol, the 2023 Roast magazine Roaster of the Year in … [+1734 chars]",2025-01-13T14:37:52Z,https://dailycoffeenews.com/2025/01/13/cafe-kreyol-gets-bigger-with-10000-square-foot-hq-in-virginia/
Verdictfoodservice.com,Three O’Clock expands into South Asian market,"The brand's expansion plan includes 100 stores across India, Nepal, Sri Lanka and Bangladesh up to 2034.","Vietnamese café chain Three O'Clock is set to expand into the South Asian market after awarding exclusive regional franchise rights to India's franchise group FranGlobal.
The strategic partnership a… [+2227 chars]",2025-01-16T16:15:47Z,https://www.verdictfoodservice.com/news/three-o-clock-south-asian-market/
Dailycoffeenews.com,"NKG Decentralizes Top Leadership, Names New CEO for the Americas","Roast Magazine’s Daily Coffee News is proud to maintain advertising partnerships with many of the world’s leading coffee companies, yet maintains a focus on fair and objective editorial content, with no sponsored content or native advertising.","Neumann Kaffe Gruppe Chief People Officer Maren Uzarek, CFO Justin Schulze-Smidt and CEO David M. Neumann.
Hamburg, Germany-based green coffee conglomerate Neumann Kaffee Gruppe (NKG) is decentraliz… [+2302 chars]",2025-01-23T15:45:11Z,https://dailycoffeenews.com/2025/01/23/nkg-decentralizes-top-leadership-names-new-ceo-for-the-americas/
Sprudge.com,The Sprudge Guide To Coffee In Kuala Lumpur,"This article is from the coffee website Sprudge at http://sprudge.com. This is the RSS feed version. Where to drink coffee in Kuala Lumpur, Malaysia.","The Malaysian capital city of Kuala Lumpur has long been known as a hub for coffee culture. This city of 2 million is home to the tangible cultural heritage institution of the kopitiam, a traditional… [+9410 chars]",2025-01-13T13:00:53Z,https://sprudge.com/the-sprudge-guide-to-coffee-in-kuala-lumpur-265573.html
Sprudge.com,"Sunday Sunday Sunday! They’ll Be Thrills, Spills, And Bone-Curdling Chills With The Latest In Sprudge Coffee Recommendations",This article is from the coffee website Sprudge at http://sprudge.com. This is the RSS feed version. A weekly curated selection of coffee's from Sprudge's Roasters Village.,"Madcap Coffee Lake Effect
When creating seasonal blends like Lake Effect, we aim to capture the feelings and flavors reminiscent of that particular season. The blend should highlight the strength of… [+770 chars]",2025-01-19T13:00:19Z,https://sprudge.com/sunday-sunday-sunday-theyll-be-thrills-spills-and-bone-curdling-chills-with-the-latest-in-sprudge-coffee-recommendations-269873.html
Ozbargain.com.au,"Bolivia, Peru Single Origins, 1kg from $27.90 + Delivery ($0 with $69 Order, $0 C&C, Delayed Disp Avail) @ Lime Blue Coffee","Hey Oz Bargain Community,

Happy New Year!

Keeping this one short and sweet for you to kick off our first Oz Bargain deal post in 2025:)

We're offering you a 40% discount off our deliciously sweet Peru Chanchamayo Grade 1 Organic Single Origin and our super…","Hey Oz Bargain Community,
Happy New Year!
Keeping this one short and sweet for you to kick off our first Oz Bargain deal post in 2025:)
We're offering you a 40% discount off our deliciously sweet … [+3384 chars]",2025-01-08T20:08:33Z,https://www.ozbargain.com.au/node/888136
International Business Times,Indonesia Rescuers Search For Survivors As Landslide Kills 19,Hundreds of rescuers were searching through thick mud and debris to find survivors Wednesday after a rain-triggered landslide in Indonesia killed at least 19 people and left seven missing.,"Hundreds of rescuers were searching through thick mud and debris to find survivors Wednesday after a rain-triggered landslide in Indonesia killed at least 19 people and left seven missing.
Intense r… [+2172 chars]",2025-01-22T06:51:17Z,https://www.ibtimes.com/indonesia-rescuers-search-survivors-landslide-kills-19-3760355
Sprudge.com,Chug A Chaggachino And Trip Out On This Week’s Groovy Coffee Pics From Your Cosmic Cousins At Sprudge,This article is from the coffee website Sprudge at http://sprudge.com. This is the RSS feed version. A weekly curated selection from the Sprudge Roaster's Village.,"Madcap CoffeeHambela Birebirsa
Across the rolling hills and valleys of South West Ethiopia lies the expansive zone of Guji. Here in this remote place grows lush, thick forests, and under it, coffee … [+527 chars]",2025-01-12T13:00:25Z,https://sprudge.com/chug-a-chaggachino-and-trip-out-on-this-weeks-groovy-coffee-pics-from-your-cosmic-cousins-at-sprudge-268995.html
Forbes,The Met Opera’s ‘Aida’ Star Angel Blue Talks Travel And Opera,"I interviewed the multi-faceted performer on her favorite opera, her thoughts on traveling for work, where she grabs a bite around the Met, and more.","Angel Blue in ""Aida.""
The Met.
Angel Blue, soprano superstar and Los Angeles native, stars in the Metropolitan Operas new production of Verdis Aida, streaming Live in HD to cinemas around the world… [+4144 chars]",2025-01-16T13:00:00Z,https://www.forbes.com/sites/shivanivora/2025/01/16/the-met-operas-aida-star-angel-blue-talks-travel-and-opera/
Ozbargain.com.au,"1kg from $28.79 Brazil São Paulo SO, SWP Decaf + Delivery ($0 with $69 Order, $0 C&C, Delayed Disp Avail) @ Lime Blue Coffee","Hey Oz Bargain Community,

Keeping this one short and sweet for you. We've received a nice uptick in enquires recently about when our hands down most popular Brazil São Paulo Single Origin will be featured in a deal again. You ask, we listen, so here we go!

…","Hey Oz Bargain Community,
Keeping this one short and sweet for you. We've received a nice uptick in enquires recently about when our hands down most popular Brazil São Paulo Single Origin will be fe… [+4044 chars]",2025-01-14T19:39:48Z,https://www.ozbargain.com.au/node/888924
Project Syndicate,The Key to Narrowing the Development Gap,"Given that Africa accounts for a disproportionately large share of people facing extreme poverty, hunger, lack of access to education, climate risks, and other problems, it is where development financing can have the greatest impact. And nowhere is the return…","Given that Africa accounts for a disproportionately large share of people facing extreme poverty, hunger, lack of access to education, climate risks, and other problems, it is where development finan… [+5828 chars]",2025-01-21T09:59:55Z,https://www.project-syndicate.org/commentary/africa-agri-food-systems-key-to-sdgs-and-development-gap-by-pascal-lamy-et-al-2025-01
Bleeding Cool News,Afterlove EP Confirmed For Valentine's Day Release,Indie game developer Pikselnesia and publisher Fellow Traveller confirmed the release date for their upcoming game Afterlove EP. The game was originally slated to be released in the Fall of 2024 but got pushed back as the team continued to work on it. Now we …,"Posted in: Games, Indie Games, Video Games | Tagged: Afterlove EP, Pikselnesia
After being teased for several months, we now have a release date for Afterlove EP, as the game will be out on Valentin… [+2256 chars]",2025-01-14T22:42:07Z,https://bleedingcool.com/games/afterlove-ep-confirmed-for-valentines-day-release/
Forbes,How To Experience Bali Like A Local,Discover the hidden gems of paradise with this insider’s guide.,"Just beyond Balis rice fields is a world of excitement.
 Adobe Stock-Kittiphan
Youve heard about the beach clubs and the hot stone massages of Bali. And perhaps youve even been to some opulent pool… [+3096 chars]",2025-01-24T14:52:13Z,https://www.forbes.com/sites/forbestravelguide/2025/01/24/how-to-experience-bali-like-a-local/
Ozbargain.com.au,"1kg from $29.70 Colombia Cauca, Kenya Nyeri SO + Delivery ($0 with $69 Order, $0 C&C, Delayed Disp Avail) @ Lime Blue Coffee","Hey Oz Bargain Community,

Keeping this one short and sweet for you. I'm very excited to announce we've managed to secure some more delicious Kenya Single Origin, so we thought why not throw a restock deal and add Colombia Single Origin to the party too as we…","Hey Oz Bargain Community,
Keeping this one short and sweet for you. I'm very excited to announce we've managed to secure some more delicious Kenya Single Origin, so we thought why not throw a restoc… [+3965 chars]",2025-01-22T19:55:42Z,https://www.ozbargain.com.au/node/890076
Dailycoffeenews.com,"Stray Cat Coffee Finds a Home in Baker City, Oregon","Roast Magazine’s Daily Coffee News is proud to maintain advertising partnerships with many of the world’s leading coffee companies, yet maintains a focus on fair and objective editorial content, with no sponsored content or native advertising.","Stray Cat Coffee bags on display. All images courtesy of Stray Cat Coffee.
A new roasting company in Eastern Oregon’s Baker City called Stray Cat Coffee is scratching its way into homes and local bu… [+3607 chars]",2025-01-22T13:03:16Z,https://dailycoffeenews.com/2025/01/22/stray-cat-coffee-finds-a-home-in-baker-city-oregon/
Dailycoffeenews.com,Pony Coffee Gallops Into Tulsa with First Cafe,"A new coffee roasting company called Pony Coffee is showing itself in Tulsa, with its first cafe in a landmark building in Riverview.  The coffee shop that opened in October...","Inside the new Pony Coffee shop in Tulsa, Oklahoma. All images courtesy of Pony Coffee.
A new coffee roasting company called Pony Coffee is showing itself in Tulsa, with its first cafe in a landmark… [+3682 chars]",2025-01-09T14:51:57Z,https://dailycoffeenews.com/2025/01/09/pony-coffee-gallops-into-tulsa-with-first-cafe/
USA Today,Starbucks debuts Cortados for first time: See 2025 winter drink menu,"A cortado is made with a 1:1 ratio of espresso and steamed milk. Starbucks' Cortado is made with ristretto shots, which are more concentrated.","Move aside, Peppermint Mocha. Starbucks is gearing up for a new, limited-edition winter menu, in addition to a new staple.
Starbucks, for the first time, will begin offering Cortados on Friday. Typi… [+4985 chars]",2025-01-02T20:43:25Z,https://www.usatoday.com/story/money/food/2025/01/02/starbucks-winter-menu-2025-cortado/77407406007/
Liveandletsfly.com,10 New Countries I Hope To Visit In 2025,"I fell far short of the goal in 2023 and again in 2024, but I’m setting what I hope will be an achievable goal in 2025: visit 10 countries I have not previously visited… 10 New Countries For 2025 As I focus on the more important matters of my family, cultivat…","I fell far short of the goal in 2023 and again in 2024, but Im setting what I hope will be an achievable goal in 2025: visit 10 countries I have not previously visited…
10 New Countries For 2025
As… [+2979 chars]",2025-01-02T13:23:31Z,https://liveandletsfly.com/10-new-countries-2025/
ABC News (AU),How residents are fighting loneliness in Melbourne's outer suburbs,"In Melbourne's outer suburbs, social isolation can be an issue, but dedicated community members are doing their best to help residents stay connected through volunteer-run events like a weekly coffee club.","Retiree Gaye Martin knows what loneliness looks like.
In her local area in Melbourne's outer northern suburbs where issues like access to transport and cost-of-living concerns can compound social is… [+5253 chars]",2025-01-12T18:15:39Z,https://www.abc.net.au/news/2025-01-13/loneliness-isolation-outer-suburbs-melbourne/104758314
Nakedcapitalism.com,Links 1/12/2025,Our fire-breaking daily links.,"Why sabre-toothed animals evolved again and again New Scientist
California Burning
Los Angeles fires: the damage in maps, video and images Guardian
NASA Jet Propulsion Laboratory evacuated due to … [+7312 chars]",2025-01-12T11:58:01Z,https://www.nakedcapitalism.com/2025/01/links-1-12-2025.html
BusinessLine,"Indian coffee gains from surging trend in global prices, outlook seen bright","Indian coffee sector benefits from global price surge, exports rise, but production challenges persist; sustainability and innovation key for future.","The Indian coffee sector benefitted to a great extent from the surging trend in global prices during 2024, which was largely driven by the tight supplies from large producers such as Brazil and Vietn… [+4833 chars]",2024-12-30T12:39:49Z,https://www.thehindubusinessline.com/economy/agri-business/indian-coffee-gains-from-surging-trend-in-global-prices-outlook-seen-bright/article69043349.ece
ABC News (AU),Cafes committing 'worst hospitality crime' as tea drinkers demand better,"Australia's hospitality industry is in need of training when it comes to serving up the world's most popular manufactured drink, tea experts say.","Australia is in need of tea education, stakeholders say, as its hospitality industry continues to fall short while serving the world's most popular manufactured drink.
According to the United Nation… [+6556 chars]",2025-01-12T19:53:46Z,https://www.abc.net.au/news/2025-01-13/australian-tea-culture-cafes-falling-behind-other-countries/104792524
Liveandletsfly.com,Review: Garuda Indonesia International Lounge Jakarta (CGK),"Let me be blunt: the Garudia Indonesia International Lounge in Jakarta (CGK), also called the Executive Lounge, is a sorry excuse for a lounge from a five-star carrier at its main hub of operation. Your best is to visit the nearby Plaza Premium Lounge, also i…","Let me be blunt: the Garudia Indonesia International Lounge in Jakarta (CGK), also called the Executive Lounge, is a sorry excuse for a lounge from a five-star carrier at its main hub of operation. Y… [+4018 chars]",2025-01-06T07:27:41Z,https://liveandletsfly.com/garuda-indonesia-executive-lounge-jakarta-review/
blogTO,People are flocking to a newly opened bakery in Ontario,"A recently opened bakery in Ontario is quickly capturing the attention of pastry lovers and sweet tooths across the GTA for its inventive twists on classic desserts. 
Tatin Bakehouse, located at 2345 Wyecroft Rd. Unit 20 in Oakville, is the product of a coll…","A recently opened bakery in Ontario is quickly capturing the attention of pastry lovers and sweet tooths across the GTA for its inventive twists on classic desserts. 
Tatin Bakehouse, located at 234… [+1889 chars]",2025-01-12T05:00:02Z,https://www.blogto.com/eat_drink/2025/01/tatin-bakehouse-ontario/
Forbes,"Where To Do Restaurant Week In Northern Virginia And Washington, D.C.",Here's everything you need to know about the three Restaurant Week events happening throughout the DMV region this January.,"Celebrate Restaurant Week with a Proper Burger at Duke's Grocery.
The Washington Post via Getty Images
Its a little known fact that the DMV (the colloquial nickname for the District of Columbia, Ma… [+10574 chars]",2025-01-16T03:50:46Z,https://www.forbes.com/sites/kaeliconforti/2025/01/15/where-to-do-restaurant-week-in-northern-virginia-and-washington-dc/
Lifesciencesworld.com,What is the food of brazil?,"What is the Food of Brazil? Brazil, the largest country in both South America and the Latin American region, is […]
The post What is the food of brazil? appeared first on Life Sciences World.","What is the Food of Brazil?
Brazil, the largest country in both South America and the Latin American region, is renowned for its diverse and vibrant culinary scene. With a rich cultural heritage and… [+4055 chars]",2025-01-07T08:01:34Z,https://lifesciencesworld.com/what-is-the-food-of-brazil/
Dailycoffeenews.com,Address Coffee Speaks to Quality With Multiroaster Bar in NE Florida,"Roast Magazine’s Daily Coffee News is proud to maintain advertising partnerships with many of the world’s leading coffee companies, yet maintains a focus on fair and objective editorial content, with no sponsored content or native advertising.","Inside the new Address Coffee/Bar Citra space in St. Augustine, Florida. All images courtesy of Address Coffee.
A new cafe and bar concept is making a permanent home in St. Augustine, Florida, with … [+4017 chars]",2025-01-14T13:40:14Z,https://dailycoffeenews.com/2025/01/14/address-coffee-speaks-to-quality-with-multiroaster-bar-in-ne-florida/
Plos.org,Individual and community-level determinants of knowledge of obstetric danger signs among women in Southern Ethiopia: A multi-level mixed effect negative binomial analysis,"Introduction One of the key strategies to achieve the sustainable development goal by reducing maternal deaths below 70 per 100,000 is improving knowledge of obstetric danger signs (ODS). However, mothers’ knowledge of ODS is low in general and very low in ru…","Abstract
Introduction
One of the key strategies to achieve the sustainable development goal by reducing maternal deaths below 70 per 100,000 is improving knowledge of obstetric danger signs (ODS). … [+42880 chars]",2025-01-06T14:00:00Z,https://journals.plos.org/plosone/article?id=10.1371/journal.pone.0314916
Forbes,Hamad Airport’s Qatar Duty Free Sets A High Bar With 18% Sales Hike,"Qatar Airways’ travel retail arm, Qatar Duty Free, is on a roll helped by new retail openings and evermore luxury concepts crammed into its busy terminal.","Qatar Duty Free's garden-like shopping spaces viewed from a business lounge. 
Qatar Airways
Qatar Duty Free (QDF) today revealed another set of strong annual results for 2024 following an already s… [+3552 chars]",2025-01-14T02:59:34Z,https://www.forbes.com/sites/kevinrozario/2025/01/13/hamad-airports-qatar-duty-free-sets-a-high-bar-with-18-sales-hike/
The Star Online,Ipoh folk expect more visitors next year,IPOH: Local folk here are excited to learn that Ipoh has been named as one of the must-visit cities in Asia for 2025 by London-based lifestyle magazine Time Out recently. Read full story,"IPOH: Local folk here are excited to learn that Ipoh has been named as one of the must-visit cities in Asia for 2025 by London-based lifestyle magazine Time Out recently.
Those who spoke to The Star… [+3415 chars]",2024-12-30T23:00:00Z,https://www.thestar.com.my/news/nation/2024/12/31/ipoh-folk-expect-more-visitors-next-year
Business Insider,"I ate at Coach's new coffee shop. I loved the chocolate-chip cookie, but I'm still in no rush to go back.","I visited the new Coach Coffee Shop in New Jersey, the first Coach café in the US. Between the food and disappointing decor, I'm in no rush to return.","Recently, Coach opened its first coffee shop in the United States. As a café lover, I just knew I had to check it out.
Coach, a brand known for its high-quality luxury handbags, first expanded into … [+628 chars]",2025-01-21T20:42:02Z,https://www.businessinsider.com/coach-coffee-shop-review-united-states-new-jersey-2025-1
Liveandletsfly.com,Review: Plaza Premium Lounge Jakarta (CGK),"I loved the Plaza Premium Lounge in Jakarta (CGK) Terminal 3, which offers a tranquil environment with a wide selection of food and drink as well as excellent coffee. Plaza Premium Lounge Jakarta Review (CGK) If you are looking for the best lounge at CGK, loo…","I loved the Plaza Premium Lounge in Jakarta (CGK) Terminal 3, which offers a tranquil environment with a wide selection of food and drink as well as excellent coffee.
Plaza Premium Lounge Jakarta Re… [+3091 chars]",2025-01-06T09:18:20Z,https://liveandletsfly.com/plaza-premium-lounge-jakarta-review/
Whyevolutionistrue.com,Monday: Hili dialogue,"Welcome to the first Monday of 2025, January 6, 2025. For many it is Back to Work Day, but it’s also National Shortbread Day, a great treat (is it counted as a “biscuit” in the UK), and good for dipping in tea or coffee? I have seen them in rectangles (“finge…","Welcome to the first Monday of 2025, January 6, 2025. For many it is Back to Work Day, but it’s also National Shortbread Day, a great treat (is it counted as a “biscuit” in the UK), and good for dipp… [+18330 chars]",2025-01-06T12:45:23Z,https://whyevolutionistrue.com/2025/01/06/monday-hili-dialogue-499/
Homedsgn.com,Canopy House: The Brazilian Jungle Home That Touches the Sky,"Nestled in the heart of a tropical forest in Brazil, surrounded by towering trees and vibrant life, the superb Canopy House rises above the ground.","Nestled in the heart of a lush tropical forest in Brazil, surrounded by towering trees and vibrant life, the superb Canopy House rises high above the ground to provide magical views of its green surr… [+4928 chars]",2025-01-01T21:31:10Z,https://www.homedsgn.com/canopy-house-the-brazilian-jungle-home-that-touches-the-sky/
