Title,Description,URL,Published At
5 important countries for Russia's sanctions-skirting economy,"Russia's friends — or frenemies — aren't all pariah states. Some of them enjoy good relations with the West, too.",https://www.businessinsider.com/russia-economy-important-countries-sanctions-india-china-brazil-turkey-kazakhstan-2024-12,2024-12-24T00:00:01Z
These 5 trends will steer retail in 2025,"Technology will continue to profoundly impact the retail industry in 2025, pushing the boundaries of traditional sales and e-commerce.",https://www.businessinsider.com/the-biggest-retail-trends-in-2025-2024-12,2024-12-26T11:01:02Z
The Biggest Coffee Business News Stories of 2024,"Historically high coffee prices, new regulations such as EUDR, climate change and increased demand of high-quality coffees squeezed coffee businesses of all sizes this year, creating what many characterized as...",https://dailycoffeenews.com/2024/12/24/the-biggest-coffee-business-news-stories-of-2024/,2024-12-24T15:02:24Z
"YETI Holdings, Inc. (YETI): A Bull Case Theory","We came across a bullish thesis on YETI Holdings, Inc. (NYSE:YETI) on Substack by Rene. In this article, we will summarize the bulls’ thesis on YETI. YETI...",https://finance.yahoo.com/news/yeti-holdings-inc-yeti-bull-170349775.html,2024-12-26T17:03:49Z
2:00PM Water Cooler 12/23/2024,"~ Today's Water Cooler: Politics, Syndemics; Trump to pull out of WHO; Covid and the brain; Boeing 737 crashes not due to MCAS?!; Quantum consciousness ~",https://www.nakedcapitalism.com/2024/12/12-200pm-water-cooler-12-23-2024.html,2024-12-23T19:00:58Z
"China, Vietnam and Hong Kong may spring surprises in 2025","Global eyes will turn east for good reason. Under watch will be Hong Kong tycoons, China’s recovery attempt, Chinese business ambitions (and luxury demand) and the impact of Trump’s policies on ‘plus one’ exporter Vietnam.",https://www.livemint.com/opinion/online-views/china-vietnam-and-hong-kong-may-spring-surprises-in-2025-luckin-coffee-stock-market-geopolitics-global-order-11734934736934.html,2024-12-24T09:30:01Z
LQR House (NASDAQ:LQR) vs. Westrock Coffee (NASDAQ:WEST) Head-To-Head Review,"Westrock Coffee (NASDAQ:WEST – Get Free Report) and LQR House (NASDAQ:LQR – Get Free Report) are both small-cap consumer staples companies, but which is the superior investment? We will compare the two businesses based on the strength of their profitability, …",https://www.etfdailynews.com/2024/12/24/lqr-house-nasdaqlqr-vs-westrock-coffee-nasdaqwest-head-to-head-review/,2024-12-24T07:44:54Z
"Fed's rate path, Starbucks, xAI funding - what's moving markets","Fed's rate path, Starbucks, xAI funding - what's moving markets",https://www.investing.com/news/economy/feds-rate-path-starbucks-xai-funding--whats-moving-markets-3787961,2024-12-24T08:59:40Z
[Removed],[Removed],https://removed.com,2024-12-24T04:59:06Z
Global Times: China advances foreign trade with higher-quality products exported and more imports from LDCs,"Global Times highlights China's 2024 foreign trade growth, structural upgrades, and commitment to global market sharing. Global Times highlights China's 2024 foreign trade growth, structural upgrades, and commitment to global market sharing.",https://www.globenewswire.com/news-release/2024/12/25/3001836/0/en/Global-Times-China-advances-foreign-trade-with-higher-quality-products-exported-and-more-imports-from-LDCs.html,2024-12-25T19:38:00Z
The Great Craft of 2024,"Incredible achievements of 2024 in cinematography, editing, art direction, original music, and more.",https://www.rogerebert.com/features/the-great-craft-of-2024,2024-12-26T13:45:51Z
트럼프는 이미 전 세계에 충격파를 보내고 있다.,"There’s no quick solution to incoming President Donald Trump’s demand that European nations buy more American oil and gas, writes @JLeeEnergy https://t.co/OSubrBa717— Bloomberg Asia (@BloombergAsia) December 20, 2024 The world is becoming a more dangerous pla…",https://ryueyes11.tistory.com/511375,2024-12-23T00:32:30Z
"Snack Food Packaging Market to Reach USD 28.5 Billion by 2035, Driven by Demand for Savory Snack Packaging | Future Market Insights, Inc.","Germany's snack food packaging market is set to grow at a 3.6% rate, driven by a rising trend of health-conscious consumers seeking nutritious snacks. The country's evolving health-oriented culture emphasizes catering to the increasing demand for healthy and …",https://www.globenewswire.com/news-release/2024/12/27/3002072/0/en/Snack-Food-Packaging-Market-to-Reach-USD-28-5-Billion-by-2035-Driven-by-Demand-for-Savory-Snack-Packaging-Future-Market-Insights-Inc.html,2024-12-27T00:30:00Z
"Cutting-Edge Regenerative Medicine, Budget-Friendly Biohacks, The *Truth* About Vegetable Oils, Optimizing Health Like a Battery?!, Ketogenic Diet Insights & More: The Most Listened-To Episodes of 2024","Listen on: Reading time: 7 minutes What I Discuss: The benefits of the therapeutic ketogenic diet, my personal experience as
The post Cutting-Edge Regenerative Medicine, Budget-Friendly Biohacks, The *Truth* About Vegetable Oils, Optimizing Health Like a Batt…",https://bengreenfieldlife.com/podcast/bestof2024/,2024-12-28T10:00:50Z
A Tour of WebAuthn,,https://www.imperialviolet.org/tourofwebauthn/tourofwebauthn.html,2024-12-24T05:47:01Z
From Apple’s record valuation to Zara’s share surge: An A-Z of financial markets in 2024,It was a challenging year for some listed companies and a record year for CEO departures,https://www.irishtimes.com/business/markets/2024/12/27/from-apples-record-valuation-to-zaras-share-surge-an-a-z-of-financial-markets-in-2024/,2024-12-27T08:10:06Z
Record-breaking ransoms and breaches: A timeline of ransomware in 2024 | TechCrunch,"From LoanDepot to Evolve Bank and Blue Yonder, these ransomware attacks affect tens of millions of people.",https://techcrunch.com/2024/12/27/record-breaking-ransoms-and-breaches-a-timeline-of-ransomware-in-2024/,2024-12-27T14:02:10Z
